rank	word	sentence	english	audio_file
1	fazer	Eu preciso fazer a lição de casa hoje à noite.	I need to do my homework tonight.	Eu_preciso_fazer_a_licao_de_casa_hoje_a_noite_portuguese.mp3
2	dar	Eu vou dar um presente para o meu amigo.	I'm going to give a gift to my friend.	Eu_vou_dar_um_presente_para_o_meu_amigo_portuguese.mp3
3	ser	Eu quero ser professor quando crescer.	I want to be a teacher when I grow up.	Eu_quero_ser_professor_quando_crescer_portuguese.mp3
4	ter	Eu tenho que estudar para a prova amanhã.	I have to study for the exam tomorrow.	Eu_tenho_que_estudar_para_a_prova_amanha_portuguese.mp3
5	ver	Eu quero ver aquele filme que todo mundo está comentando.	I want to see that movie everyone is talking about.	Eu_quero_ver_aquele_filme_que_todo_mundo_esta_come_portuguese.mp3
6	ir	Eu vou ao mercado comprar frutas hoje à tarde.	I'm going to the market to buy fruits this afternoon.	Eu_vou_ao_mercado_comprar_frutas_hoje_a_tarde_portuguese.mp3
7	estar	Eu estou cansado depois do trabalho.	I am tired after work.	Eu_estou_cansado_depois_do_trabalho_portuguese.mp3
8	saber	Eu sei fazer um bolo de chocolate delicioso.	I know how to make a delicious chocolate cake.	Eu_sei_fazer_um_bolo_de_chocolate_delicioso_portuguese.mp3
9	poder	Eu posso ajudar você com isso se precisar.	I can help you with that if you need it.	Eu_posso_ajudar_voce_com_isso_se_precisar_portuguese.mp3
10	dizer	Eu sempre digo a verdade para meus amigos.	I always tell the truth to my friends.	Eu_sempre_digo_a_verdade_para_meus_amigos_portuguese.mp3
11	vir	Você pode vir à minha festa amanhã?	Can you come to my party tomorrow?	Voce_pode_vir_a_minha_festa_amanha_portuguese.mp3
12	querer	Eu quero comer pizza hoje à noite.	I want to eat pizza tonight.	Eu_quero_comer_pizza_hoje_a_noite_portuguese.mp3
13	passar	Você pode passar o sal, por favor?	Can you pass the salt, please?	Voce_pode_passar_o_sal_por_favor_portuguese.mp3
14	chegar	Eu vou chegar às cinco horas na sua casa.	I will arrive at your house at five o'clock.	Eu_vou_chegar_as_cinco_horas_na_sua_casa_portuguese.mp3
15	olhar	Eu gosto de olhar as estrelas à noite.	I like to look at the stars at night.	Eu_gosto_de_olhar_as_estrelas_a_noite_portuguese.mp3
16	ouvir	Eu gosto de ouvir música enquanto trabalho.	I like to listen to music while I work.	Eu_gosto_de_ouvir_musica_enquanto_trabalho_portuguese.mp3
17	ficar	Eu vou ficar em casa hoje à noite.	I'm going to stay home tonight.	Eu_vou_ficar_em_casa_hoje_a_noite_portuguese.mp3
18	encontrar	Eu sempre encontro meus amigos no parque aos sábados.	I always meet my friends at the park on Saturdays.	Eu_sempre_encontro_meus_amigos_no_parque_aos_sabad_portuguese.mp3
19	levar	Eu vou levar um presente para a festa de amanhã.	I'm going to bring a gift to tomorrow's party.	Eu_vou_levar_um_presente_para_a_festa_de_amanha_portuguese.mp3
20	falar	Eu gosto de falar sobre filmes com meus amigos.	I enjoy talking about movies with my friends.	Eu_gosto_de_falar_sobre_filmes_com_meus_amigos_portuguese.mp3
21	estudar	Eu preciso estudar para a prova de amanhã.	I need to study for tomorrow's test.	Eu_preciso_estudar_para_a_prova_de_amanha_portuguese.mp3
22	pensar	Eu gosto de pensar em ideias novas para o meu projeto.	I like to think of new ideas for my project.	Eu_gosto_de_pensar_em_ideias_novas_para_o_meu_proj_portuguese.mp3
23	comprar	Eu vou comprar frutas no mercado hoje.	I'm going to buy fruits at the market today.	Eu_vou_comprar_frutas_no_mercado_hoje_portuguese.mp3
24	usar	Eu gosto de usar roupas confortáveis em casa.	I like to wear comfortable clothes at home.	Eu_gosto_de_usar_roupas_confortaveis_em_casa_portuguese.mp3
25	ajudar	Você pode me ajudar com a lição de casa?	Can you help me with my homework?	Voce_pode_me_ajudar_com_a_licao_de_casa_portuguese.mp3
26	esperar	Eu vou esperar você na praça às cinco horas.	I'll wait for you at the square at five o'clock.	Eu_vou_esperar_voce_na_praca_as_cinco_horas_portuguese.mp3
27	trabalhar	Eu preciso trabalhar mais para pagar as contas.	I need to work more to pay the bills.	Eu_preciso_trabalhar_mais_para_pagar_as_contas_portuguese.mp3
28	terminar	Eu preciso terminar meu trabalho antes do jantar.	I need to finish my work before dinner.	Eu_preciso_terminar_meu_trabalho_antes_do_jantar_portuguese.mp3
29	vender	Eu quero vender meu carro velho amanhã.	I want to sell my old car tomorrow.	Eu_quero_vender_meu_carro_velho_amanha_portuguese.mp3
30	começar	Eu vou começar a estudar para a prova amanhã.	I'm going to start studying for the exam tomorrow.	Eu_vou_comecar_a_estudar_para_a_prova_amanha_portuguese.mp3
31	jogar futebol	Eu vou jogar futebol com meus amigos amanhã.	I'm going to play soccer with my friends tomorrow.	Eu_vou_jogar_futebol_com_meus_amigos_amanha_portuguese.mp3
32	ficar em casa	Hoje eu vou ficar em casa e relaxar.	Today I'm going to stay home and relax.	Hoje_eu_vou_ficar_em_casa_e_relaxar_portuguese.mp3
33	fazer comida	Eu vou fazer comida para a família hoje à noite.	I'm going to make dinner for the family tonight.	Eu_vou_fazer_comida_para_a_familia_hoje_a_noite_portuguese.mp3
34	ouvir música	Eu gosto de ouvir música enquanto estudo.	I like to listen to music while I study.	Eu_gosto_de_ouvir_musica_enquanto_estudo_portuguese.mp3
35	tomar banho	Eu vou tomar banho antes do jantar.	I'm going to take a shower before dinner.	Eu_vou_tomar_banho_antes_do_jantar_portuguese.mp3
36	assistir TV	Eu gosto de assistir TV antes de dormir.	I like to watch TV before going to bed.	Eu_gosto_de_assistir_TV_antes_de_dormir_portuguese.mp3
37	viajar	Eu adoro viajar para conhecer novas culturas.	I love to travel to experience new cultures.	Eu_adoro_viajar_para_conhecer_novas_culturas_portuguese.mp3
38	ler um livro	Eu gosto de ler um livro antes de dormir.	I like to read a book before going to sleep.	Eu_gosto_de_ler_um_livro_antes_de_dormir_portuguese.mp3
39	escrever uma carta	Eu vou escrever uma carta para minha avó hoje.	I'm going to write a letter to my grandmother today.	Eu_vou_escrever_uma_carta_para_minha_avo_hoje_portuguese.mp3
40	cozinhar juntos	Vamos cozinhar juntos no fim de semana?	Shall we cook together this weekend?	Vamos_cozinhar_juntos_no_fim_de_semana_portuguese.mp3
41	sair para jantar	Vamos sair para jantar no novo restaurante hoje à noite?	Are we going out to dinner at the new restaurant tonight?	Vamos_sair_para_jantar_no_novo_restaurante_hoje_a_portuguese.mp3
42	limpar a casa	Eu preciso limpar a casa antes da visita.	I need to clean the house before the guests arrive.	Eu_preciso_limpar_a_casa_antes_da_visita_portuguese.mp3
43	arrumar o quarto	Eu preciso arrumar o quarto antes de sair.	I need to tidy up my room before going out.	Eu_preciso_arrumar_o_quarto_antes_de_sair_portuguese.mp3
44	fazer exercício	Eu gosto de fazer exercício todos os dias.	I like to exercise every day.	Eu_gosto_de_fazer_exercicio_todos_os_dias_portuguese.mp3
45	aprender algo novo	Eu gosto de aprender algo novo todo dia.	I like to learn something new every day.	Eu_gosto_de_aprender_algo_novo_todo_dia_portuguese.mp3
46	encontrar amigos	Eu gosto de encontrar amigos nos fins de semana.	I like to meet friends on the weekends.	Eu_gosto_de_encontrar_amigos_nos_fins_de_semana_portuguese.mp3
47	tomar café	Vamos tomar café juntos amanhã de manhã?	Shall we have coffee together tomorrow morning?	Vamos_tomar_cafe_juntos_amanha_de_manha_portuguese.mp3
48	fazer compras	Vamos fazer compras no mercado amanhã à tarde.	Let's go shopping at the market tomorrow afternoon.	Vamos_fazer_compras_no_mercado_amanha_a_tarde_portuguese.mp3
49	descansar	Eu preciso descansar depois de um longo dia de trabalho.	I need to rest after a long day at work.	Eu_preciso_descansar_depois_de_um_longo_dia_de_tra_portuguese.mp3
50	contar uma história	Eu adoro contar uma história antes de dormir.	I love to tell a story before bed.	Eu_adoro_contar_uma_historia_antes_de_dormir_portuguese.mp3
51	celebrar um aniversário	Vamos celebrar um aniversário na casa da Maria amanhã.	We are going to celebrate a birthday at Maria's house tomorrow.	Vamos_celebrar_um_aniversario_na_casa_da_Maria_ama_portuguese.mp3
52	estudar idiomas	Eu gosto de estudar idiomas para viajar melhor.	I like studying languages to travel better.	Eu_gosto_de_estudar_idiomas_para_viajar_melhor_portuguese.mp3
53	fazer perguntas.	Eu sempre faço perguntas quando não entendo algo.	I always ask questions when I don't understand something.	Eu_sempre_faco_perguntas_quando_nao_entendo_algo_portuguese.mp3
54	dançar juntos	Vamos dançar juntos na festa este sábado?	Shall we dance together at the party this Saturday?	Vamos_dancar_juntos_na_festa_este_sabado_portuguese.mp3
